card_id,initial_balance,fraud_label
4939762526288,78000,0
351264283346572,34000,0
5578975251751727,82000,0
3518192565924510,68000,0
4498491599678,20000,0
4617848674322846,10000,0
344561279829242,56000,0
4295346465117,54000,0
4268786744343453,90000,0
341472671141827,60000,0
367934367146724,50000,0
4752589986852246,40000,0
4487532557324,70000,0
346329565447725,24000,0
371147457812261,96000,0
4439592293969,62000,0
5236935459336766,26000,0
5158883889433338,84000,0
4977978119611935,78000,0
349122277457935,44000,0
4115129932374458,68000,0
4572234899296,12000,0
5416628376282435,92000,0
3654814987333610,60000,0
345655445347763,68000,0
4449494355295,62000,0
4928845434768,58000,0
4251751484189622,76000,0
5189364186547974,50000,0
345883528979977,74000,0
51476338353274710,64000,0
53888694944816410,88000,0
4638422328763444,50000,0
4569483997566347,44000,0
3754185763677510,100000,0
4732271395976677,66000,0
4215665738193583,92000,0
4496775666778261,60000,0
4278364417652358,80000,0
367111248453526,80000,0
5517622711122297,12000,0
4819481923756618,44000,0
4749781582763341,66000,0
378119127911164,72000,0
4128462365417,80000,0
4814945785921978,42000,0
366577337189422,48000,0
368638495821418,48000,0
52589832338724110,76000,0
366644664598854,40000,0
5443237113417242,72000,0
49834643399746610,10000,0
345573629236563,78000,0
4294224713123621,92000,0
4525979413624,72000,0
49135838276644610,46000,0
4954636151139382,26000,0
4672955921178,100000,0
374884533884818,76000,0
372737639543492,62000,0
5342396572767851,70000,0
4357261567923643,56000,0
4285273386584,74000,0
5356679484841689,66000,0
4698245125791,46000,0
354653993423985,60000,0
4345165354387455,76000,0
4823669142431633,80000,0
343159645857731,66000,0
4248312882831,66000,0
4819846747668613,60000,0
4517227424442488,82000,0
4287941989213195,76000,0
351447418884761,56000,0
4237637464516,50000,0
4567271815619,60000,0
4784444774278851,80000,0
4311811397534625,10000,0
4345619156149,78000,0
5576856161253271,54000,0
45581264815551510,84000,0
5535571878418212,40000,0
4966117623948789,64000,0
4131444785819,66000,0
372532774733945,60000,0
345127336585661,42000,0
4966299382856856,62000,0
5244594535325978,94000,0
4616533168976,58000,0
4649474852639224,80000,0
361199382455221,80000,0
4437987484478436,60000,0
49865971732468810,78000,0
4939437784387,48000,0
44824814566975410,38000,0
4651939313961982,54000,0
4747912934751,42000,0
4186137752824779,68000,0
5119611953756971,56000,0
4815134419545,40000,0
376777945526654,66000,0
4777381936185,64000,0
3421464254327610,76000,0
5545822912571633,30000,0
366775594744497,60000,0
4923756748314,46000,0
4571577347137,94000,0
4867867241283171,68000,0
3619717536164610,44000,0
4361497251175,74000,0
4794713779815414,74000,0
5133672615654527,56000,0
358946837778556,88000,0
5341343269559341,64000,0
4262536533633,54000,0
4146586514442677,70000,0
46241312969332210,78000,0
4231784393367968,50000,0
4475542713284,60000,0
379256651579543,86000,0
341241626334187,74000,0
5349969572468184,84000,0
4797278865374145,38000,0
5536122232825368,66000,0
355578752347779,48000,0
5491764388636157,76000,0
353549693546862,100000,0
4297692297953,42000,0
3523877649568310,78000,0
54727436323463610,90000,0
5585223593517345,76000,0
4364369318635886,22000,0
4939164463755571,76000,0
5327279262434744,82000,0
375722362797264,70000,0
4367296419822,68000,0
4273115666954753,46000,0
5259623618159772,74000,0
4762258692977675,68000,0
45879937112510,52000,0
344356367827913,50000,0
375489189771852,74000,0
373451313541173,44000,0
4683796228327,68000,0
54269651745449810,54000,0
4924553869261,12000,0
4255687746841848,64000,0
5568793788214586,50000,0
4991236364333,72000,0
4247898682651437,64000,0
4733784727663,72000,0
358174315929886,70000,0
371245888432731,80000,0
362448788411695,46000,0
5347666772845557,94000,0
4688135239658391,76000,0
355267294347295,84000,0
43761397157777310,72000,0
5467192995658424,46000,0
367114666482464,78000,0
4766772215786567,52000,0
4554999681327636,50000,0
4899715518917,18000,0
362566994245126,64000,0
372463998735922,12000,0
4578999388458,64000,0
355637184671758,62000,0
4238774378623884,100000,0
4981941117987867,60000,0
4487914796136139,72000,0
4588332857727761,28000,0
5385553825129952,40000,0
4127725277111789,50000,0
5598838392964243,78000,0
45244214778410,76000,0
54114784468826810,84000,0
4521422789926,36000,0
5276546186325138,56000,0
5113821193878263,66000,0
4833379559271,70000,0
5418134246592697,74000,0
42819227518810,80000,0
355183584255793,78000,0
4535756428794,58000,0
352443788873277,28000,0
4354666496135,66000,0
5414251485886921,54000,0
5285921977998667,10000,0
52787491396374710,46000,0
4643699542133,90000,0
5213165375989434,74000,0
4363416967675,54000,0
346764349369888,12000,0
346447418769457,90000,0
5336137915221281,50000,0
341941762121518,64000,0
4548613466311,68000,0
4863651166565299,50000,0
4249563361236,52000,0
362598582771288,42000,0
4442353227416,90000,0
4186581787648,54000,0
4761577911962,56000,0
4353378143753619,76000,0
4154794426776,60000,0
358351798138991,68000,0
5363852217828114,76000,0
342984346295159,16000,0
4369988747531823,68000,0
4558337974942496,78000,0
4867169942675668,50000,0
4761247193991,54000,0
375396979986915,74000,0
341973381797295,72000,0
341691415787831,20000,0
5522836844747522,50000,0
359575611816974,46000,0
4755656795395,64000,0
4196536155395,80000,0
5356473514183555,46000,0
4686462272412,60000,0
365293787348366,50000,0
4687784658726,58000,0
355664949688695,66000,0
352671555241431,94000,0
42989495797546410,76000,0
5262388992562141,72000,0
42845765375446510,100000,0
345218378355384,68000,0
4924678963619,18000,0
5215639424946791,96000,0
358357725642344,64000,0
5268113919242443,68000,0
4245488648838187,28000,0
342534789365629,56000,0
355871675951474,54000,0
5163974869441632,60000,0
4344991911447479,24000,0
4272221862242398,60000,0
5124124842139287,42000,0
45159912338125110,54000,0
5355393299446251,78000,0
4863393281388,52000,0
4225828167444,88000,0
4899427286369781,74000,0
355226546343643,90000,0
353287864586942,80000,0
364123587919622,52000,0
52618126383221410,88000,0
354911518247895,94000,0
42829267553810,96000,0
4479743254518367,52000,0
4392531245869534,88000,0
4251871728927387,62000,0
46835324857871610,74000,0
347947491333971,60000,0
357568438196581,70000,0
372283195446853,60000,0
4556627328674,98000,0
4483348563918672,44000,0
4459188759835,74000,0
5396139868227239,52000,0
367355218817828,48000,0
5139678634491761,88000,0
4396712696846,74000,0
4565624739882,60000,0
4653789212588,68000,0
5289357251323692,60000,0
5172446124917259,80000,0
4922643549714644,26000,0
5216825379359598,48000,0
4319875645319,62000,0
366818616625896,72000,0
376699444452192,80000,0
342334798686226,24000,0
4871331491839772,94000,0
4381986732151197,56000,0
4579179598361,76000,0
5365325286475347,90000,0
5275141726832933,100000,0
346118778114176,32000,0
5492414544185892,62000,0
4456724353214,42000,0
363735748736966,50000,0
378775469715248,60000,0
5271134284957428,62000,0
346368738469562,54000,0
5121643773289772,52000,0
4771934235427,44000,0
4137522432238856,76000,0
5567665265929467,88000,0
4539157244577722,34000,0
54198943551664310,68000,0
4799376153956,36000,0
5271336742138232,54000,0
359121679975459,70000,0
5561187947855719,16000,0
4589913445132462,98000,0
5268213256259446,78000,0
371233688974763,48000,0
54158636231543410,46000,0
4418711768754,58000,0
4883516344724975,80000,0
4697339869538,80000,0
367116688964379,62000,0
5156965152323353,76000,0
4981244583876247,36000,0
5454877775533673,78000,0
5532339527442634,76000,0
4688968447811,58000,0
4791877349928,64000,0
52634457787236910,96000,0
5298263613973332,64000,0
4356235599364,62000,0
4986957317188754,62000,0
41327632466810,76000,0
355656188891139,80000,0
4621783825765813,30000,0
4543246476295733,40000,0
5325453178875223,76000,0
344967138379875,62000,0
4674279549782115,82000,0
4823488614323,54000,0
348919953293133,44000,0
364222959459785,98000,0
3446981229834110,10000,0
5388519725649446,54000,0
4627651555837116,50000,0
364416331645935,70000,0
4441259427735528,46000,0
374259257752329,10000,0
4135747134718689,30000,0
5549228649535683,70000,0
4932264592875154,70000,0
4641412522853,20000,0
4659397528885,56000,0
366486496521112,90000,0
4131467855711441,76000,0
4392149581586,16000,0
4394291111137718,54000,0
5561578436978212,98000,0
5511198316418642,74000,0
4784946451529257,86000,0
369362243642195,64000,0
4798955758735552,78000,0
4917272836298,78000,0
355442695327184,80000,0
52939882193773810,80000,0
4528269246515486,66000,0
4357519841274,60000,0
4349362912989,64000,0
4351232819352,40000,0
4514763379126,18000,0
4672358473332386,96000,0
364282162544245,52000,0
375894752541816,70000,0
4759389825594,74000,0
4737457868664552,22000,0
42211346644562510,70000,0
4663287317867342,56000,0
4781994326776,86000,0
366883894222485,68000,0
4826994644532564,32000,0
359823923657516,58000,0
347373147814381,52000,0
5324988781423748,76000,0
4561637418666725,12000,0
4894761376619365,60000,0
367621639749621,72000,0
4126738664251432,50000,0
47322975212255810,42000,0
4829765118168722,78000,0
351198823426579,68000,0
377967178281924,60000,0
344568986256197,70000,0
5299858812852317,92000,0
4789391983545866,62000,0
366837932142642,64000,0
42869118859210,90000,0
4938661295649,72000,0
48525845224610,12000,0
4427634857842,52000,0
5486223649523693,54000,0
4755912767238,62000,0
4619154286173141,80000,0
352234334185799,68000,0
4596777822753,42000,0
347434593813655,46000,0
4762477756553814,72000,0
344358731776461,90000,0
4892295926816,14000,0
5278693233778758,14000,0
4855811779924438,72000,0
377858115615441,40000,0
4954726538544477,68000,0
4954942353146575,62000,0
5261747631547964,14000,0
362843395798296,44000,0
4145119893732,66000,0
358489211714368,44000,0
378142892294491,68000,0
4434187829395865,66000,0
4276168823641,48000,0
4741334597312,64000,0
357845545949718,32000,0
4783616915373276,58000,0
5151795714695377,14000,0
367151628289769,64000,0
364545824349983,74000,0
4868662499876,70000,0
366761359214322,76000,0
51972656892752710,60000,0
5321283187482669,72000,0
52576246412764610,48000,0
4927667585557372,96000,0
4959456133284163,90000,0
346575253979383,62000,0
4843722771275,82000,0
4484857576584791,44000,0
4594818557892,60000,0
4831197277431,96000,0
4385676897336594,38000,0
5512717385812572,12000,0
44676532568443610,76000,0
5226445279741957,66000,0
359475615197952,42000,0
5421799914954331,80000,0
5359653828982241,58000,0
5217513344751342,72000,0
4982273391263,68000,0
3776288295227410,72000,0
5432246837771126,56000,0
4229753212221783,66000,0
4891338361435587,62000,0
4467281157823,60000,0
4414234764871817,66000,0
4264531393369,56000,0
4441216886798,48000,0
345167612351941,54000,0
4227971353854,38000,0
3585156535999810,54000,0
4188821811196349,94000,0
345236557916677,50000,0
55665431198317610,22000,0
5534773953289143,78000,0
4721969889853,62000,0
4391111883328878,80000,0
5459556751447117,80000,0
4886695452779,90000,0
54734238166188310,78000,0
341782464819938,68000,0
4617685884336111,52000,0
4948226313863266,66000,0
4993152154929277,98000,0
43235177114321910,60000,0
4264225589586813,74000,0
4573169443464,76000,0
4279427235724755,82000,0
5124351924379453,80000,0
44523765474510,78000,0
357514274959476,60000,0
4928426873533,76000,0
47127771417110,56000,0
362527819788518,70000,0
4478658445337,60000,0
4584276955183,64000,0
5259562773535899,98000,0
4853185275482,92000,0
4113231175115,38000,0
5336422246886758,78000,0
4144344793276313,64000,0
5393314457485885,84000,0
362669816249746,22000,0
4499975532375,48000,0
5181467117954934,96000,0
368244432989283,58000,0
4949118153729,62000,0
341316792161455,98000,0
5594168453764728,56000,0
3724784775797410,78000,0
44379641848477810,34000,0
5421854756943668,50000,0
5122214382231842,42000,0
53324843171993910,28000,0
5549213387125368,66000,0
5475972277153982,76000,0
5338789383673423,60000,0
5514729769624547,62000,0
346259975474763,78000,0
4177633247186,60000,0
375941544789342,66000,0
4792823489283175,88000,0
5481725942247189,96000,0
362787331394639,12000,0
4733334469364912,68000,0
4532987164914811,32000,0
4922517969896612,62000,0
352526148287244,92000,0
5566263232776244,56000,0
4266362363692,44000,0
4628859713986167,100000,0
4364388694818,76000,0
5182591325495445,70000,0
45547612279871610,96000,0
351696774562474,70000,0
4521569533541,72000,0
4175437132788436,60000,0
5454175468444153,80000,0
4851424258921,86000,0
4155469847519,62000,0
345342338895394,70000,0
45175323233910,62000,0
5298563354538164,74000,0
5361467147777554,62000,0
5134798965933721,94000,0
5528778659771268,32000,0
363241337167242,66000,0
4593619199151,54000,0
47543647573689810,66000,0
4581765363594281,24000,0
4574928589878578,100000,0
5163731435457512,72000,0
4381326757663,92000,0
5252892792792685,78000,0
5443338524745641,74000,0
4842752259646594,22000,0
4281862358151434,36000,0
46378719929672710,58000,0
4585656897192,28000,0
5411822253536626,40000,0
5236637577531829,78000,0
5161936967998484,96000,0
4652873168916446,60000,0
4783829913223639,78000,0
5376235755741466,78000,0
359119759719698,92000,0
41791949115663610,70000,0
3592422124644610,100000,0
4171928928367926,76000,0
55656767889615910,74000,0
4536891495286657,58000,0
5242246713761365,62000,0
342335451481359,52000,0
348914311413143,96000,0
5287285583143219,72000,0
4411733661424979,52000,0
4146161835274322,78000,0
4563945532557,64000,0
4314394524779121,32000,0
4669354949687284,70000,0
5579514139994222,46000,0
41825676748510,68000,0
5421499655488736,78000,0
4231884314375197,16000,0
4211579425881588,64000,0
352763555984829,62000,0
5299288798217543,20000,0
4922539242427528,56000,0
4667292736362,58000,0
4963336287738236,96000,0
48219877999422610,62000,0
4871288576895741,70000,0
4575356791241,70000,0
345495546741352,74000,0
5138485783324285,62000,0
4413654281675,60000,0
5377717838755315,38000,0
4721744978731365,72000,0
4533778484846,58000,0
4841839943945127,60000,0
4325775374413,68000,0
4673166769311694,72000,0
4554279462547672,64000,0
4988669627871,76000,0
5183545152513638,82000,0
5419318546156688,46000,0
49572322132155310,62000,0
5589891659617666,72000,0
44861376741210,54000,0
3745225567586310,66000,0
5386698456971377,76000,0
4794519712586,72000,0
4386545516717725,38000,0
5412275954159975,64000,0
4234828695222,58000,0
4146873451253,60000,0
5353135266296835,68000,0
51216574879661610,84000,0
47847163162197610,70000,0
4371564244748,44000,0
3556588875233110,72000,0
379858715332999,68000,0
353946927957693,90000,0
4737487824396,78000,0
4658989458695849,58000,0
373718866493279,68000,0
4422443293644377,58000,0
4673931368123562,68000,0
356958966486846,42000,0
4566375928256886,68000,0
346424946495566,74000,0
4699276659638963,80000,0
51473763693214410,66000,0
5166937494559356,46000,0
4298996631541,66000,0
43995879864582610,66000,0
377694266453476,42000,0
4248276983249863,60000,0
5179186321472699,94000,0
5248619881468464,50000,0
376184222756999,66000,0
4996882846111,60000,0
4471391151643,76000,0
4456175762285,68000,0
3529252546449510,58000,0
5216931889829342,64000,0
5431491518629612,48000,0
4351737139933489,78000,0
4271833976412633,86000,0
5541829831859787,60000,0
358727951151113,62000,0
41681122661110,42000,0
5359992777347182,62000,0
5199127936979518,100000,0
54121778571886410,86000,0
4241367772676,72000,0
4664548214315274,68000,0
5498683117456419,60000,0
4368389688186316,64000,0
5117451897228122,54000,0
5525423684774986,92000,0
344567851718257,94000,0
3715997375441410,68000,0
366811546871474,62000,0
41135364326124710,50000,0
353668134584462,22000,0
51618395799419110,78000,0
4426431835753,62000,0
4164296469633646,70000,0
4742174374597712,68000,0
52695713459936910,66000,0
4864117558635628,70000,0
375952331811769,64000,0
4356735284566,68000,0
4149224772815,74000,0
356699392762232,68000,0
3686813591934910,78000,0
5127518938564513,64000,0
4687636696845174,92000,0
5372725342612141,70000,0
363133942764416,80000,0
47456665931210,52000,0
362252151288932,40000,0
4214925557194,82000,0
5572463357885281,54000,0
4256546382932,46000,0
4388532331154985,74000,0
341157543866426,66000,0
4928366438185148,20000,0
4622966718766,78000,0
4281924936818577,76000,0
5161376438329441,58000,0
5299177844237623,52000,0
378833297251298,40000,0
358665161435134,66000,0
4556821752691526,34000,0
346231548316425,42000,0
44759718744910,100000,0
4814764386859739,36000,0
4572729385842673,88000,0
368398727137477,78000,0
343827958325419,26000,0
4431144349734936,46000,0
347978664994968,80000,0
372455695159687,62000,0
4746691831134157,56000,0
4949867179561558,80000,0
363475556617723,74000,0
4636696246393,80000,0
4455731357697,80000,0
4263773354991131,78000,0
4172368892196465,44000,0
4315794262475,56000,0
42145818198891910,76000,0
4323279796199,60000,0
349489924547818,42000,0
342965949844758,68000,0
51359489669298510,60000,0
349432837689517,60000,0
4817494147724,68000,0
5298576677673922,88000,0
4944774179547378,60000,0
4447669465226921,60000,0
349582743924828,68000,0
4166257944756,38000,0
345682591323919,84000,0
372387286739488,42000,0
351236587959722,56000,0
4468343957135,72000,0
5299311179613393,88000,0
44748442551110,62000,0
4283263926516331,60000,0
4782293859731,60000,0
363471878195688,54000,0
4395866656959789,42000,0
48965749451899610,72000,0
4457511535498725,68000,0
4343444957336,76000,0
5336442819334879,72000,0
5542761627863369,68000,0
5226251269784779,70000,0
375298887474481,70000,0
4352934964861328,98000,0
47427663312210,52000,0
43175479799197510,70000,0
4425513831631,62000,0
4496921386178776,66000,0
46447954792416710,72000,0
4758368538582,64000,0
4381421389398834,42000,0
4785115398325935,64000,0
378762698213419,92000,0
4456172112252,74000,0
3442179482938610,88000,0
353931131147588,74000,0
5556913568742358,86000,0
343241514877543,18000,0
4834671173392483,60000,0
4566824828233131,84000,0
342643661351597,14000,0
4436579346414,74000,0
351917762111227,88000,0
4668539115642,82000,0
347326153422929,46000,0
4259952466997543,86000,0
5462888929619581,64000,0
4826944665888,60000,0
4642391167932366,84000,0
5533844786888798,60000,0
5573548686193529,74000,0
4745331628348311,66000,0
356841537629369,86000,0
4563876631869462,70000,0
4548117595861124,52000,0
5244314771384914,34000,0
4481136235765171,24000,0
355589248748488,74000,0
5284499399462548,40000,0
5135437279969621,74000,0
4181949396927,60000,0
5544599385561496,62000,0
4393622224235455,98000,0
4751829579826665,86000,0
44722531752518310,62000,0
4772888884226222,60000,0
4324497344846,80000,0
4145947647268,46000,0
4885366525376122,74000,0
4147774489965612,92000,0
4294561262711599,78000,0
3478916843626710,52000,0
345122154516377,74000,0
5154363688974661,54000,0
352757184752623,96000,0
4451256355133,40000,0
5343448898992298,70000,0
4358781551583,46000,0
342589733462161,80000,0
4679167988938691,92000,0
4622664129878,56000,0
3656871166489510,76000,0
5281647214632488,62000,0
4224271885453,66000,0
4466621678613,46000,0
4766853853566477,46000,0
5347221336652469,88000,0
4467912332852,64000,0
5133164625712495,62000,0
357877184249365,40000,0
4541679989318,72000,0
5557171781581322,52000,0
5152258565372793,70000,0
41248678977410,70000,0
4595784136521293,60000,0
4825591243536,54000,0
3663915698392610,50000,0
372664899323912,60000,0
4548688554637,68000,0
5129641554891461,90000,0
4863799475641655,70000,0
361963875158125,44000,0
347498573592415,36000,0
361862992237483,74000,0
343953882786284,76000,0
5162516514886454,62000,0
4562874924698426,72000,0
345985227495435,78000,0
4338639717396,78000,0
44626855815624610,62000,0
5361698436354727,86000,0
5162493899395685,98000,0
367962989733256,60000,0
4938671348354157,88000,0
4478376415741338,18000,0
5489521294931997,64000,0
4655693269691962,76000,0
377822482457126,58000,0
348239425524373,54000,0
4111482915874,10000,0
5418475321686155,54000,0
4345264383998,84000,0
4276464178963,74000,0
373169225369984,12000,0
377318724567533,80000,0
4726574882259228,74000,0
52522795623894810,80000,0
343582645635593,44000,0
4978964289618,86000,0
369919223436482,92000,0
4832767751177,46000,0
4112721589264,80000,0
4939184288863,64000,0
374937397896243,92000,0
4377357757994,70000,0
4754227311671654,84000,0
5321629631454128,50000,0
4784633675663688,50000,0
49252956939510,52000,0
4782331796929,64000,0
4555266163848,30000,0
4247694747451735,72000,0
5382383623771612,60000,0
4361591561669,16000,0
5512762696552814,96000,0
4357291581673627,18000,0
357758296181755,70000,0
46825629144910,14000,0
4472147222854846,74000,0
4464659292573874,30000,0
372922471614631,84000,0
4667616469323843,48000,0
4429847487595182,64000,0
4782962195635658,76000,0
4252433926649781,72000,0
5557843244357355,64000,0
4354864891358734,72000,0
4474239194395,58000,0
346256359626398,66000,0
4666859688516646,48000,0
5549634428477817,42000,0
379617574621912,78000,0
4661265661962,66000,0
4532487258293,60000,0
55134589254183110,100000,0
5159418676736582,84000,0
345663974649344,86000,0
4926277198851,62000,0
342391382492999,96000,0
4768451533341,88000,0
341677298883391,84000,0
4687582665513916,66000,0
4196861317578,100000,0
344325655367197,40000,0
4455227381917955,84000,0
354342646582146,92000,0
4362333411843435,60000,0
4928748615711,76000,0
4641664462683,54000,0
5511852364161328,66000,0
3625586216661710,30000,0
4836292321335171,24000,0
4847513938217,80000,0
4297436375944212,56000,0
4571212415125,66000,0
344233198121115,16000,0
369468253791481,50000,0
4964663825743249,66000,0
5342884794186992,76000,0
4638594521211361,56000,0
372816113542939,88000,0
5553268167113987,66000,0
4919386233842,60000,0
4829961836812,46000,0
377584244786537,22000,0
3725223369738410,50000,0
4841642326626,56000,0
4938799325112593,78000,0
4944941199648466,16000,0
4985557127636124,36000,0
4229247741378966,84000,0
5342338976599217,82000,0
5526234793371153,58000,0
5272941754212467,76000,0
4744223764746,40000,0
4383754899322,78000,0
4361321129787292,44000,0
4622224364851234,56000,0
5316471869878885,84000,0
4884617442168,20000,0
372553369657638,54000,0
4678588589682399,64000,0
48872654178210,66000,0
4549563974387,86000,0
364594719179949,56000,0
5289233549684874,60000,0
4151381294556298,96000,0
4871818175622,60000,0
5129565772738933,40000,0
4386169542494,60000,0
4793915184226,36000,0
4336125985584,70000,0
4179673186461621,78000,0
4328159228874,86000,0
358381572925313,38000,0
4327355983623527,62000,0
341425217487914,60000,0
5531672816583374,100000,0
5134951437686472,80000,0
5533167938929918,90000,0
4117358524492,46000,0
4941153737433,62000,0
44882374965477710,84000,0
359399326983379,64000,0
349152452953275,58000,0
4545587868316,68000,0
4776981427678,30000,0
5122158897129951,70000,0
4873367288571465,28000,0
4598819378261641,80000,0
5234283757169692,80000,0
378111939511266,86000,0
4679532184282972,96000,0
368162327382192,60000,0
5578758291621138,72000,0
5431829274226315,82000,0
5494594721543563,56000,0
4861347211642,80000,0
4177119926998,44000,0
4376296919948481,60000,0
342465715426328,90000,0
4899654466359,62000,0
4249123691981,76000,0
5212357522533741,16000,0
4381586426256,72000,0
351246254712551,40000,0
4178324325968,44000,0
5355755114113847,78000,0
4594778752436993,86000,0
4391583477884971,42000,0
5464816287589615,50000,0
5141951839229195,40000,0
4957844228415986,14000,0
4424677644235645,48000,0
5355638147578683,94000,0
358622541151188,60000,0
4951872495926837,74000,0
355895629237284,48000,0
5399568856739853,44000,0
5279725482216418,40000,0
4325982541655,84000,0
4931874849437581,56000,0
369932245238661,44000,0
4374473777915,22000,0
4128353365811423,78000,0
3524386856926310,40000,0
4666297422282383,18000,0
365524126825569,60000,0
42982932466710,40000,0
4293917677913728,60000,0
4557852778146,62000,0
4821153212555,68000,0
373251344413131,74000,0
368972734979913,92000,0
5582477942578373,82000,0
4853223415823523,64000,0
5393492734612867,60000,0
4172474632576238,72000,0
3695319895739510,44000,0
5387985657518134,60000,0
5578115713935622,42000,0
4141769841485,78000,0
5262523879841255,46000,0
351612845899332,48000,0
5398157423991931,46000,0
4499497429191,76000,0
4326618172946327,62000,0
5587627213236144,60000,0
4755759248169,60000,0
4239773649621718,80000,0
353469144399318,78000,0
354336388958423,98000,0
343897996772997,58000,0
5253194934353149,36000,0
349992313873869,32000,0
4168513129859,66000,0
3593953931123310,54000,0
5398249611478423,40000,0
4813715572956,72000,0
4711783481151,50000,0
54956234276746510,74000,0
352944349315666,68000,0
4989613276278,100000,0
4312441239142715,44000,0
349892891173692,76000,0
4414573199377233,98000,0
4939199987582,52000,0
5134781979963165,60000,0
4417229556299869,84000,0
353786472829255,66000,0
5458919369433898,88000,0
4184893256261,96000,0
4568373462135184,92000,0
4551265262566,72000,0
52112598293411110,80000,0
4824893233914765,64000,0
4454751431425,34000,0
355417329133927,50000,0
48799359885217510,20000,0
4977723929627311,42000,0
357389497221362,68000,0
344134371883945,54000,0
347895142591697,22000,0
4874682716836,56000,0
4328882324589835,18000,0
4448964194167747,16000,0
366386232533779,66000,0
4877574961972,60000,0
5143319952136746,70000,0
4128349585247133,50000,0
4939977821935225,84000,0
4161267277687143,48000,0
5287749214171535,66000,0
5195992792645428,68000,0
4849563213251,52000,0
43276666965410,82000,0
376667256873474,84000,0
4439941219186,52000,0
5332166682765653,72000,0
5293757678479163,62000,0
3633975297385610,42000,0
4963321785482,70000,0
5565356192861914,60000,0
4241114367194966,60000,0
343549134659186,52000,0
343469777984413,62000,0
5286145681114358,66000,0
368841786147283,90000,0
43559338779410,90000,0
5424471878165265,90000,0
4528996817561,50000,0
373141719764723,100000,0
51373122711216210,62000,0
4459958439634,76000,0
5219633381461312,100000,0
355241424978469,74000,0
4292427199855,70000,0
4381494468586637,58000,0
4718333482862323,54000,0
4812173738349542,36000,0
359315527215825,68000,0
3573767983833310,44000,0
4745122375576281,26000,0
345779512699938,72000,0
379986379377859,80000,0
5372381614874991,48000,0
4764685912435,68000,0
4393831337436,66000,0
4643216541899,66000,0
48882653334710,70000,0
3731928159167910,80000,0
4883957178262189,100000,0
4933576978645,52000,0
4311753818621,66000,0
5438366331414959,60000,0
5419795833319279,62000,0
5195735344943563,22000,0
5563225747377423,66000,0
4114117491295,76000,0
3522663621184910,20000,0
4735655718218469,44000,0
4423914413645691,94000,0
48129332326910,40000,0
5449769374667978,94000,0
4394936978751,82000,0
4759515955712734,54000,0
4167925129846,74000,0
4689379462555,72000,0
5349989385474351,100000,0
4955255732393134,56000,0
4154577858241782,60000,0
5131146837226457,48000,0
4695772819664133,82000,0
341695647866289,100000,0
4934498437629,18000,0
48282411516219610,68000,0
4385515583996,40000,0
358521855917673,24000,0
346914688171292,70000,0
44584311778644410,72000,0
4568314355613,92000,0
351277395454712,84000,0
4468645222293549,92000,0
4631754423467993,54000,0
5149726136933695,50000,0
4842694171152865,14000,0
4171828635255,70000,0
4325561321545569,76000,0
4199948319467687,48000,0
4632436464886294,84000,0
359852496269425,60000,0
352642276912667,72000,0
5171729343183931,94000,0
359259256219998,56000,0
4172636565673436,52000,0
4315354225826547,74000,0
4511448886942437,80000,0
4828133999961,10000,0
4314785754773751,74000,0
341141992447425,84000,0
5163674713768137,12000,0
41163845734410,46000,0
363115675192717,80000,0
357215274188294,64000,0
5489473516876164,44000,0
5373212496675322,66000,0
4174114815771,94000,0
4619416613274,50000,0
4928977431982958,58000,0
4999961983755776,56000,0
4874397446778,62000,0
346595728495674,72000,0
4589421526997381,26000,0
5533255697357353,52000,0
359583418427128,70000,0
5572336231897138,28000,0
5291332559468115,48000,0
55368787369147810,40000,0
42699474149172610,72000,0
5483166415782436,40000,0
4876534784918295,44000,0
366927157469596,66000,0
4718548568846789,66000,0
4627846382873,100000,0
355615216646972,82000,0
4382124452762,40000,0
4972451852863,80000,0
51912972493263810,62000,0
4484259158154,60000,0
347154353438648,62000,0
43731833239610,60000,0
4967771535982,40000,0
4317599612391,42000,0
5431963413548576,92000,0
4556147817388,64000,0
4118253869362,64000,0
44152835628710,92000,0
5228319443711527,66000,0
4896784884845221,46000,0
343856712192898,70000,0
4558992183338,72000,0
4797163673396664,76000,0
375936497527145,58000,0
372666967314244,54000,0
378471186829823,14000,0
4758963215523924,44000,0
4183565478369,78000,0
355653779681425,90000,0
4779451856996,72000,0
4515624574433,80000,0
41523476247645710,60000,0
3623715614386210,78000,0
49749281643110,100000,0
4164677771532594,80000,0
4163496594864956,42000,0
3435459223624710,58000,0
5319466365434719,68000,0
359463988533623,56000,0
365229555977887,44000,0
4622673126758,58000,0
4693372959195592,74000,0
4476726543231994,78000,0
366639289745815,78000,0
4336611749296,80000,0
369786755544896,76000,0
4284317179818569,34000,0
4148784569413,74000,0
53759247214468110,76000,0
371915239983133,80000,0
5221198152894543,52000,0
5468762447746958,86000,0
5232471477314761,66000,0
4927346382595634,60000,0
46218827459610,96000,0
359335369983371,66000,0
4326676477883,12000,0
5249994625637933,54000,0
4862584982794812,52000,0
4937487572942,60000,0
4182772216182,60000,0
351586186363969,44000,0
4748575246625693,62000,0
357233865711119,42000,0
4867725562748869,14000,0
4593385518418819,80000,0
5274619292219776,72000,0
5528388761129627,60000,0
5339334944335763,64000,0
4466531161341915,92000,0
43732493372110,52000,0
5392524932863271,58000,0
4851492347161334,44000,0
55793588243324910,56000,0
4172972949583,56000,0
4115886295687632,60000,0
47952564153910,88000,0
4511944333888181,12000,0
3584547334173210,68000,0
4624924597852,18000,0
5538977297834326,44000,0
4233857285413989,92000,0
4178343631222,68000,0
47535484118358610,84000,0
4261513257893,58000,0
48296982334410,80000,0
4489499278195397,76000,0
4629922982936898,94000,0
4142423475975,94000,0
4314596492652391,80000,0
42785292894710,94000,0
368464465263154,98000,0
5398477812351376,74000,0
4613818558458523,58000,0
346626413638177,66000,0
4357934435262333,28000,0
5415613714219159,54000,0
4247993157398,12000,0
347862243331282,76000,0
4287378461692,60000,0
4669992276219849,94000,0
5215314643129898,76000,0
4279427293572,66000,0
5526481678264553,78000,0
5578211967319223,54000,0
348269532274232,86000,0
4912372855173,82000,0
373421758268517,44000,0
5163445263374323,62000,0
4957991629825154,60000,0
4726836232969768,24000,0
373344437498745,60000,0
4135372869917,40000,0
4356821668664,26000,0
5418692668999864,26000,0
49997493578510,64000,0
376146656968655,40000,0
4329115685721815,100000,0
375511312637377,42000,0
357426892743655,54000,0
366276898977586,52000,0
5242663633892478,70000,0
5227499517634523,82000,0
345224819372889,94000,0
352412297755457,62000,0
5354875392126294,22000,0
5423374812183546,40000,0
5529181227467288,12000,0
356862218666488,78000,0
359616244494597,82000,0
4357188644147195,10000,0
4969865751889,60000,0
4147454542394627,54000,0
4891817633397,72000,0
371528872664926,40000,0
343569238275663,72000,0
42152629729729210,52000,0
358834788345288,74000,0
4297166954931997,74000,0
51864912834643910,80000,0
4855547478559386,60000,0
5578217798481579,60000,0
346367625797333,60000,0
52226258398243110,60000,0
44844235153932310,68000,0
5445352212622549,64000,0
45461729311324510,98000,0
4429617416548291,56000,0
5486742321298969,26000,0
4328739646736,72000,0
376253577218267,62000,0
4365125774953,46000,0
374465253441631,88000,0
4382792782219,76000,0
4899663444551692,48000,0
4449215835231528,76000,0
3696724454223810,68000,0
4932414575981251,70000,0
4625486394638,76000,0
4733819196546,60000,0
4348775859976474,64000,0
42863875396842810,62000,0
5195122784985711,50000,0
4288259583828,66000,0
54428774115221510,48000,0
377738561142753,76000,0
5486925361835523,78000,0
5586331829428788,20000,0
5386769499865544,80000,0
364982946943841,100000,0
5233122112961446,24000,0
48156873521510,54000,0
4855663121714219,72000,0
4113855389661391,66000,0
4641745618253,44000,0
4698178428438736,78000,0
4548419719889597,56000,0
4289659225655,48000,0
5269963696999758,62000,0
4975447234569172,86000,0
5579442559738947,74000,0
4851988519992588,92000,0
5236741553335294,64000,0
378683616197874,34000,0
4731689276588,80000,0
41947322345922410,62000,0
4284249641222,64000,0
5171798261356431,68000,0
352666612888463,96000,0
5494297851124986,82000,0
4752538887656,42000,0
4748318422515119,24000,0
4336948795129,82000,0
4724214671381,40000,0
5455326427687163,70000,0
361671185463149,62000,0
4982542126219,62000,0
4794839583437168,42000,0
4916143448329394,72000,0
4859753698791751,28000,0
358651619988429,40000,0
5345736722889328,50000,0
5378148745575753,52000,0
4287177145884948,92000,0
4983628669866742,70000,0
5548522717692926,64000,0
5168257127629981,74000,0
5481157832226299,76000,0
4484437328695,72000,0
377584953867841,68000,0
369969373577627,74000,0
4592883645824,16000,0
4148499948787,66000,0
4329618445695,82000,0
4375139647285571,70000,0
364688253722849,80000,0
3523775632418810,78000,0
353322222338528,52000,0
5525414121698763,22000,0
352426552487655,90000,0
5562396581228385,54000,0
4356898941847146,50000,0
373437785478689,60000,0
43933445222229910,78000,0
46343971617549210,76000,0
41324557196647810,22000,0
5563168555625295,78000,0
46911157895810,80000,0
4365335549138,62000,0
5417669453563668,90000,0
4994919176362,86000,0
4349157797462,42000,0
4946494996558627,72000,0
5546971716428711,92000,0
344473592318939,60000,0
354246287335963,18000,0
5335871973373284,64000,0
5497213917596981,60000,0
4988539255414497,72000,0
4291249546863,80000,0
4673686298514,94000,0
377818588527127,30000,0
376723152364884,42000,0
4425136396346513,42000,0
5342973387311776,52000,0
5144287612818715,40000,0
5571644179213437,54000,0
362888351643598,94000,0
4151726737593,70000,0
367758378111116,84000,0
4119997556729,86000,0
5481682238755211,76000,0
4284612581914,58000,0
4211723779467,60000,0
4697691565986763,92000,0
4219313135487,54000,0
367785613424491,60000,0
5491232299942569,78000,0
4861188419257921,52000,0
4224167271558511,62000,0
5214427826747772,58000,0
48985638428910,80000,0
3739977779631710,64000,0
5398877632748489,80000,0
5429324434487316,66000,0
351437388929621,80000,0
5128297818969238,88000,0
4171172799695863,12000,0
5251266618839478,60000,0
48497636422527210,48000,0
4185999431671355,86000,0
4568489188495312,20000,0
5245227426169333,86000,0
5256588966635538,60000,0
4711789536792,64000,0
5365275294596651,50000,0
374768177887254,72000,0
4813143321836,74000,0
5196739258561246,16000,0
342876149499352,88000,0
4547273691666171,76000,0
4887559561432,80000,0
341359453723122,66000,0
4415912355813962,40000,0
375618426849473,64000,0
346622463519532,32000,0
4588899228944861,32000,0
4777984881623688,52000,0
5135165418622765,50000,0
5137915169277492,28000,0
4432854864726,90000,0
4271787921361271,28000,0
377241148787893,52000,0
372423389353776,70000,0
4968349871648625,56000,0
361284447789747,60000,0
353494464813698,76000,0
372521241116883,62000,0
377347264256827,66000,0
5373422789215625,10000,0
4156196758634414,54000,0
4745325231732762,52000,0
4368972933195644,80000,0
5567211771383566,42000,0
5182348588367187,32000,0
4274295423794442,58000,0
5313136956395126,30000,0
4824927256858,46000,0
4236978718183,66000,0
5277621973789249,44000,0
5524637822183237,58000,0
5161347138657365,60000,0
4624958735345,22000,0
51592933882335610,74000,0
371289342956737,64000,0
52139812365124910,50000,0
5499726289628742,40000,0
4281816752879,76000,0
4227777974788,78000,0
3757229816368110,16000,0
5291581166639225,40000,0
4466826787676193,16000,0
5211699871134634,78000,0
4778623843544,72000,0
366513472262567,20000,0
5557742636965462,100000,0
5234761845633944,76000,0
351316447727731,76000,0
4598198884792,78000,0
4877535386739251,60000,0
4365893996614,82000,0
4667839399337143,80000,0
49769569952664710,88000,0
4524159742432324,14000,0
4318125775645,78000,0
375754957279978,72000,0
358963832978594,96000,0
4139557523794,42000,0
5247461113479634,46000,0
5222854892741522,60000,0
5316182368824425,62000,0
5337136319239625,44000,0
4717819832564,56000,0
4577978194976447,40000,0
4431844555466368,76000,0
4233472631127661,28000,0
5454352872816173,68000,0
44449388312193710,64000,0
5191491458914883,80000,0
5535138872558839,80000,0
4889164154967,98000,0
357241741135957,100000,0
54823877383435710,46000,0
4927115753884517,72000,0
5384529943858699,92000,0
4346345632896365,86000,0
377215149766148,80000,0
5398646989944896,80000,0
4635515164892681,76000,0
4651746536883319,74000,0
352856868846923,56000,0
4475852987411,74000,0
4822581318791719,20000,0
342234647389479,40000,0
4929942476258192,12000,0
5544986429666938,42000,0
373913994925462,62000,0
4234865546655776,44000,0
4552466392549884,68000,0
45817492574610,38000,0
366125624563451,70000,0
4929639375985,74000,0
4338537525552,18000,0
4735362776758383,92000,0
54535258181323810,88000,0
4531395512544,72000,0
367339773182141,64000,0
345719813289781,32000,0
4586746959825359,82000,0
5432774285192651,66000,0
5289663842772432,38000,0
4412815335156,62000,0
5364299494918193,90000,0
4525161739935,74000,0
4893546745955,82000,0
4887951134348139,10000,0
367416581839292,40000,0
4674373238498636,60000,0
372541342851279,86000,0
4263229673799382,78000,0
4367458632822978,30000,0
4326554148765139,80000,0
342173357439845,68000,0
4467544281196,76000,0
4114933512292613,76000,0
4377723295325769,46000,0
358192635518122,90000,0
5371618858559288,100000,0
4261425321621,70000,0
4884745938465757,68000,0
5293799247861943,56000,0
4634672421825,80000,0
5312564695498821,10000,0
5163374382746155,52000,0
5329766581625893,40000,0
5564749718953861,72000,0
344271627758131,70000,0
346558319177218,72000,0
4223929383713,70000,0
365234187992965,94000,0
41318538995395110,80000,0
5194434234527915,76000,0
344555849241946,70000,0
4687486449214488,74000,0
4918736227547447,70000,0
5215464665118624,62000,0
349375812698617,80000,0
342536499297711,90000,0
351171738269434,64000,0
4856481162171,90000,0
5473345453492197,66000,0
4871365929574148,14000,0
5491778945516744,26000,0
352777333717137,44000,0
43472492269210,34000,0
361432413887827,44000,0
4871727373337282,42000,0
367447317897189,84000,0
4866846373391219,94000,0
53963329667291610,88000,0
361373987748989,60000,0
4269441225674674,68000,0
5372435224938974,44000,0
4293737237261651,62000,0
5341496337944646,26000,0
4285145226166,20000,0
3479554915729110,60000,0
4394792382112199,48000,0
366966911883817,90000,0
5527882465233637,98000,0
356481694719636,60000,0
4668639543592398,54000,0
3631642729812710,70000,0
5146281269161923,66000,0
4298945135958,70000,0
4966552567727,70000,0
341865641325919,54000,0
4446875387269,84000,0
4991746119177,66000,0
4577249242119,60000,0
4143515981243,86000,0
4492884249427554,46000,0
377445576179321,90000,0
5292968614128274,72000,0
5156849542589974,90000,0
4638891142898,40000,0
4152462257925727,92000,0
5413673677827929,32000,0
5449558328781336,66000,0
4346423312381,18000,0
55716796314514810,40000,0
4823923225739572,60000,0
5257579488683451,88000,0
355765162242225,60000,0
5355416536961517,92000,0
5152199816928613,60000,0
4431154542545,100000,0
4333826179534,46000,0
5313718471916484,62000,0
5552243271981976,68000,0
5175758137844586,100000,0
4156787449264932,54000,0
349866176649956,72000,0
4631747384853557,68000,0
5587291298817581,78000,0
4573939749564967,96000,0
4241324879267,52000,0
4297485985867354,90000,0
361796259852453,80000,0
5414834431363978,40000,0
4565126767938238,70000,0
3425692812971110,62000,0
4366639482467672,96000,0
5132465174431978,60000,0
47636465576110,84000,0
5454373132547184,66000,0
4231432797674759,38000,0
4491595392472665,60000,0
379264934129532,40000,0
51929581478736210,36000,0
357922881417327,20000,0
49534428733910,66000,0
4588571691526,74000,0
4771451594569927,68000,0
4641322247625,52000,0
5488651843289281,82000,0
4486966786466,62000,0
363146835481831,92000,0
5498539277578477,42000,0
5183541119282748,62000,0
363258149427556,40000,0
4575434536642,46000,0
4594196159436,62000,0
364744345155272,74000,0
4111659823911822,90000,0
55649363911469510,86000,0
4567818619554431,72000,0
4893432839359,70000,0
55582937879143210,32000,0
379598841269638,62000,0
4651965273286235,68000,0
4773281787513,42000,0
352153485618848,34000,0
4478839561128576,48000,0
3445165957822110,40000,0
367733597996258,88000,0
4499748332392,72000,0
379277443323271,40000,0
4248732915745485,54000,0
4181127545873,62000,0
4281966557572686,16000,0
4752277125499729,40000,0
354767214536373,58000,0
4182222385637717,100000,0
5334721964571761,76000,0
4194918725596754,74000,0
4229288477925224,42000,0
42465774611510,76000,0
5163398571372689,80000,0
4646755387178,68000,0
4552397666945898,54000,0
4892774631365452,80000,0
4819183834844117,70000,0
348294389855271,68000,0
4246226485972,76000,0
369898318283514,58000,0
4895967337287,50000,0
4226269294259,60000,0
5193546966693465,60000,0
358415531396438,14000,0
4278793768442821,18000,0
5263356679756517,64000,0
4971241451116625,74000,0
366437651376719,66000,0
5151761235541417,64000,0
5534413891531385,88000,0
4589568994419593,74000,0
4718475732767,64000,0
4657412732144,62000,0
364532192172882,18000,0
378592855538468,78000,0
4614743698698581,66000,0
4473493512177,72000,0
374526468646247,34000,0
5487123943496936,60000,0
353319127275243,28000,0
363213562418731,68000,0
5517751961642934,52000,0
4175631768377,50000,0
4737712933392,80000,0
3448145631159710,38000,0
4439266879465821,42000,0
5456712716681778,58000,0
5145332514277542,62000,0
4751352897775,62000,0
368552537655181,88000,0
4815288556646931,70000,0
4845553743651548,92000,0
4949154454312,68000,0
44556546889991810,54000,0
4574359227766,56000,0
4559836995586884,84000,0
5421736952961372,40000,0
5398874669595743,90000,0
349182773565664,60000,0
4898418687864513,60000,0
4154566691359,50000,0
5522968998331926,50000,0
4296747216851,28000,0
5484418763731757,72000,0
4959697724394,72000,0
52434757191555910,42000,0
5579356427174426,76000,0
4387519992231,78000,0
5253836977951227,60000,0
353151543133239,56000,0
3649722645129310,76000,0
4448334936116,62000,0
4493415774475657,70000,0
5565915135483613,76000,0
5191998932633855,100000,0
4442429528168957,66000,0
4183768854874446,48000,0
348211162646222,98000,0
4398436982812321,58000,0
4669262688433,60000,0
371168641499419,46000,0
3591663985139910,72000,0
5559994895578423,96000,0
4569659574339,92000,0
349626884148646,80000,0
3421564298451810,60000,0
4125135328286873,88000,0
5596155796685452,44000,0
4134468594234692,68000,0
4478751487567219,24000,0
353567222793888,72000,0
5279944768582472,48000,0
5115365138547979,76000,0
5467845181515753,58000,0
4689357413281,62000,0
5275833228127685,60000,0
5281763524971183,56000,0
4615463292913,76000,0
357537935794784,50000,0
5164934631928679,92000,0
5298644645569976,60000,0
43458855354788210,62000,0
5567274414623988,64000,0
5479983385147572,30000,0
5544248124652188,72000,0
4928352336561481,76000,0
4262653812315,66000,0
5234957157239383,62000,0
355919365814427,60000,0
349211887395914,68000,0
344783474147374,94000,0
349789322631944,96000,0
367623267618961,28000,0
3651127459499510,72000,0
5436386682195587,78000,0
4174127351376127,40000,0
4821415611172,76000,0
377464283175589,48000,0
5216856679362677,66000,0
4414962722871616,76000,0
347426915492341,72000,0
4681947471929,26000,0
5527935145768776,76000,0
352429471356936,38000,0
343271476667525,56000,0
363434516945864,86000,0
367564927899775,22000,0
5331627974154881,80000,0
5362514653743535,64000,0
4987145113836557,14000,0
5289471529212643,80000,0
4836694673526739,46000,0
341591472922398,72000,0
4294491458795,78000,0
5276134559797629,52000,0
5426843832919227,68000,0
343676859363288,78000,0
4363939136758,64000,0
376854354262921,32000,0
378584382274899,86000,0
341943351553523,92000,0
343319435467352,84000,0
357533415226561,86000,0
363966831965176,82000,0
4258754314719231,74000,0
4289146621337661,64000,0
4491156198637215,76000,0
358223162895714,64000,0
5226112269647657,88000,0
46951634453331710,42000,0
5122493871818216,52000,0
361443976261664,40000,0
4255356212973,70000,0
361748181358471,50000,0
345871866871815,50000,0
4463263279198,56000,0
4469155877792463,44000,0
4582857189678643,48000,0
342741928524269,82000,0
5167578989931921,76000,0
5164769139728829,44000,0
4852216266666547,72000,0
348289272136862,56000,0
4836871139757,96000,0
366553466782246,68000,0
4815439586246,60000,0
48864565442110,70000,0
5119781521591851,54000,0
358774376134951,78000,0
4276334858687,44000,0
3739456949793410,80000,0
4591431171549,60000,0
5334375153313822,24000,0
5464293311158819,84000,0
356673382889792,70000,0
5468487596873722,78000,0
4834232842638184,100000,0
4688612287571,60000,0
4764345942795953,14000,0
5116625455775274,10000,0
5332842795938557,74000,0
364974876119344,50000,0
45296971683176810,42000,0
4914426146757,58000,0
4747844168184431,18000,0
4548615996471,68000,0
4284286691478,82000,0
353915325926634,66000,0
375329323441824,72000,0
5261249712977319,44000,0
4843962977327,74000,0
4538994627818625,66000,0
4421578942924125,60000,0
4935728614915245,86000,0
3532823412121710,68000,0
4578914443719,34000,0
343556344753949,28000,0
4588572119374668,84000,0
4972239714823325,62000,0
5342611839453248,70000,0
4421736241238122,36000,0
4554284783444831,56000,0
5454585443896469,68000,0
4869441793225,100000,0
3457425993337310,30000,0
4184494655143,42000,0
5599283144723432,70000,0
4389931369956,64000,0
5485738518872526,74000,0
4639491734227764,78000,0
5239655123858196,38000,0
4141538727676,66000,0
3793411928144910,78000,0
5517243239799795,50000,0
4955454381119417,78000,0
4578232863732288,76000,0
5372632296371221,42000,0
356487348927335,78000,0
5555362528872361,90000,0
354126558711813,70000,0
4436258451857,70000,0
4652893884613,78000,0
4444349145223,88000,0
4219677698625,44000,0
5159366183793143,62000,0
4157331162272563,64000,0
5549329731696258,42000,0
4836526464535,40000,0
371385528264142,50000,0
4613843963467216,84000,0
55879245542568510,78000,0
5286271423764142,60000,0
4269539396625365,52000,0
4412753773889,52000,0
5567118968866354,62000,0
4666281793319,64000,0
4556217312179,96000,0
4635574681691639,14000,0
4145361737595,60000,0
4475935517163833,48000,0
4321987287378,64000,0
4786539211177,100000,0
4222975177613442,72000,0
4343657868816,74000,0
5391381853798288,58000,0
4884197124885895,36000,0
377747817857452,30000,1
4841855241496,34000,1
4218196327637134,92000,1
5289376839195414,14000,1
4814681814927,26000,1
377569274846269,48000,1
5536899254668376,36000,1
4255132857841386,44000,1
364345979249991,30000,1
4421246322116585,52000,1
5171512996545998,24000,1
4935793959126,20000,1
344443556335898,32000,1
4687557246154,52000,1
4367669827478,22000,1
367132933746776,52000,1
359125276477777,26000,1
4959792721159163,66000,1
368257865669651,24000,1
4343821337946211,66000,1
4851945597566791,54000,1
363413813487465,38000,1
52559979987591110,56000,1
4186439643555,54000,1
364251426971189,46000,1
379994772943566,62000,1
4534271359886417,28000,1
5494555722451221,28000,1
4754431948176794,46000,1
4594139239723463,48000,1
5118345454529154,40000,1
43489633195522310,28000,1
4399759393761566,58000,1
5339552327955861,34000,1
5418899564275931,12000,1
4157312369694353,20000,1
4679525774744443,96000,1
5247779671475417,80000,1
354651386918363,40000,1
46811298156210,78000,1
5297968219197679,56000,1
4369874762748,58000,1
45411744378614710,50000,1
5421343127842841,56000,1
4746866443249,24000,1
5493198254325173,32000,1
4353524871361436,58000,1
4379877638118691,12000,1
4867677442181276,42000,1
5531439159859484,54000,1
4274788337779,14000,1
43654297256110,10000,1
4776196629555,36000,1
4675498656954429,14000,1
4854713135347752,48000,1
5348816597376747,32000,1
4728858146444,40000,1
5573993592242194,36000,1
4256578323135,38000,1
352222747156358,50000,1
4863411281931,60000,1
5281984291366536,60000,1
4532678913185,22000,1
48666694982395710,38000,1
5451515686539735,20000,1
343457119215679,52000,1
3463949667897610,16000,1
5269643145733228,50000,1
348465677448223,12000,1
4767881323141935,48000,1
4983833395796821,58000,1
352295362946576,20000,1
5516182886142498,54000,1
4523222987725488,22000,1
4595755587164,90000,1
4393761689335,22000,1
4417224381238,36000,1
4672448589531177,42000,1
4736555463586228,28000,1
4873538336891945,14000,1
375434942716554,52000,1
348377897953132,40000,1
5127645543237258,24000,1
5588618786921286,98000,1
343186748843672,56000,1
362175997521572,38000,1
51175786426719810,30000,1
5447569533667279,32000,1
354164726111467,38000,1
4243558825599158,28000,1
4781167336834,66000,1
4852921764593,48000,1
352422876442559,28000,1
5149262321122795,28000,1
41386451773410,26000,1
5384427921279865,32000,1
4335343595619612,18000,1
361677862338462,56000,1
5549681788586588,34000,1
5326643897242486,56000,1
